dia,open,last,close,symbol,exchange,weekday,high_max,low_min,volume_sum,spline,date
2020-06-01 00:00:00+00:00,249.41,247.29,248.48,HD,IEXG,Monday,249.78,245.87,3476747.0,0,2020-06-01
2020-06-02 00:00:00+00:00,248.485,250.125,247.29,HD,IEXG,Tuesday,251.24,247.2,2200452.0,0,2020-06-02
2020-06-03 00:00:00+00:00,248.74010161708438,249.90699505530486,249.29888325630168,HD,IEXG,Wednesday,251.7646940119989,247.35262693107416,7498216.578042093,1,2020-06-03
2020-06-04 00:00:00+00:00,249.77,248.95,251.0,HD,IEXG,Thursday,252.173,247.47,18768184.0,0,2020-06-04
2020-06-05 00:00:00+00:00,252.34,254.9,248.95,HD,IEXG,Friday,255.85,250.38,26564499.0,0,2020-06-05
2020-06-08 00:00:00+00:00,252.49,256.77,254.9,HD,IEXG,Monday,256.81,252.26,9433018.0,0,2020-06-08
2020-06-09 00:00:00+00:00,255.33,256.76,256.77,HD,IEXG,Tuesday,258.29,253.86,10693645.0,0,2020-06-09
2020-06-10 00:00:00+00:00,248.0281352725668,252.2886236141281,256.2610297846841,HD,IEXG,Wednesday,252.7965878842741,248.299053637292,21949233.33259729,1,2020-06-10
2020-06-11 00:00:00+00:00,239.54624347342303,244.8253579989216,251.22024797997489,HD,IEXG,Thursday,245.42177631899045,240.1908918482299,32255854.99877455,1,2020-06-11
2020-06-12 00:00:00+00:00,234.30777934628682,239.59418047382286,245.3291673666715,HD,IEXG,Friday,240.41638700505558,233.9697171083114,34996089.30362158,1,2020-06-12
2020-06-15 00:00:00+00:00,237.62,241.36,242.45,HD,IEXG,Monday,242.2199,234.31,23552516.0,0,2020-06-15
2020-06-16 00:00:00+00:00,249.4,249.95,241.36,HD,IEXG,Tuesday,251.65,242.87,5366480.0,0,2020-06-16
2020-06-17 00:00:00+00:00,252.77,250.85,249.95,HD,IEXG,Wednesday,254.62,250.08,13375757.0,0,2020-06-17
2020-06-18 00:00:00+00:00,249.36,249.21,250.85,HD,IEXG,Thursday,251.75,247.13,9617178.0,0,2020-06-18
2020-06-19 00:00:00+00:00,253.1,246.65,249.21,HD,IEXG,Friday,254.3,246.38,30633200.0,0,2020-06-19
2020-06-22 00:00:00+00:00,245.7,249.16,246.65,HD,IEXG,Monday,250.06,245.51,13640794.0,0,2020-06-22
2020-06-23 00:00:00+00:00,253.0,250.31,249.16,HD,IEXG,Tuesday,253.44,250.13,12679127.0,0,2020-06-23
2020-06-24 00:00:00+00:00,247.81,246.13,250.31,HD,IEXG,Wednesday,250.2873,242.73,11303610.0,0,2020-06-24
2020-06-25 00:00:00+00:00,244.8,245.38,246.13,HD,IEXG,Thursday,246.35,242.2,19307470.0,0,2020-06-25
2020-06-26 00:00:00+00:00,245.35,241.01,245.38,HD,IEXG,Friday,246.1,240.25,14632400.0,0,2020-06-26
2020-06-29 00:00:00+00:00,242.66,246.12,241.01,HD,IEXG,Monday,246.5,240.3401,13916753.0,0,2020-06-29
2020-06-30 00:00:00+00:00,247.0,250.51,246.12,HD,IEXG,Tuesday,251.65,246.09,10860289.0,0,2020-06-30
2020-07-01 00:00:00+00:00,249.65,248.15,250.51,HD,IEXG,Wednesday,250.3295,246.93,24150778.0,0,2020-07-01
2020-07-02 00:00:00+00:00,251.94,248.5,248.15,HD,IEXG,Thursday,252.3,247.92,17599913.0,0,2020-07-02
2020-07-03 00:00:00+00:00,251.32541700237562,248.08053093439582,248.82709210742297,HD,IEXG,Friday,251.61118477660423,247.8876762149109,11962203.691319512,1,2020-07-03
2020-07-06 00:00:00+00:00,250.27,249.55,248.5,HD,IEXG,Monday,251.5,247.04,11565406.0,0,2020-07-06
2020-07-07 00:00:00+00:00,247.37,247.35,249.55,HD,IEXG,Tuesday,250.83,247.07,10746846.0,0,2020-07-07
2020-07-08 00:00:00+00:00,247.87,249.17,247.35,HD,IEXG,Wednesday,249.78,246.22,8483834.0,0,2020-07-08
2020-07-09 00:00:00+00:00,249.66,247.96,249.17,HD,IEXG,Thursday,250.51,246.35,15346940.0,0,2020-07-09
2020-07-10 00:00:00+00:00,248.29,250.11,247.96,HD,IEXG,Friday,250.33,246.64,15581669.0,0,2020-07-10
2020-07-13 00:00:00+00:00,251.92,249.62,250.11,HD,IEXG,Monday,257.86,249.09,20404607.0,0,2020-07-13
2020-07-14 00:00:00+00:00,249.0,257.79,249.62,HD,IEXG,Tuesday,258.18,248.46,21585239.0,0,2020-07-14
2020-07-15 00:00:00+00:00,260.14,257.8,257.79,HD,IEXG,Wednesday,261.29,255.15,18286888.0,0,2020-07-15
2020-07-16 00:00:00+00:00,256.76,258.08,257.8,HD,IEXG,Thursday,260.5,256.0,7636502.0,0,2020-07-16
2020-07-17 00:00:00+00:00,260.03,260.38,258.08,HD,IEXG,Friday,260.65,257.72,12195086.0,0,2020-07-17
2020-07-20 00:00:00+00:00,259.04,260.17,260.38,HD,IEXG,Monday,261.2,258.02,8553663.0,0,2020-07-20
2020-07-21 00:00:00+00:00,261.62,262.42,260.17,HD,IEXG,Tuesday,263.87,260.72,10344043.0,0,2020-07-21
2020-07-22 00:00:00+00:00,262.59,265.17,262.42,HD,IEXG,Wednesday,265.59,262.0,12398646.0,0,2020-07-22
2020-07-23 00:00:00+00:00,267.8,263.81,265.17,HD,IEXG,Thursday,267.8,261.8,20720488.0,0,2020-07-23
2020-07-24 00:00:00+00:00,265.04,265.31,263.81,HD,IEXG,Friday,266.89,262.99,12443783.0,0,2020-07-24
2020-07-27 00:00:00+00:00,265.09,267.42,265.31,HD,IEXG,Monday,268.68,265.09,12024932.0,0,2020-07-27
2020-07-28 00:00:00+00:00,268.56,265.28,267.42,HD,IEXG,Tuesday,269.07,264.6694,14304501.0,0,2020-07-28
2020-07-29 00:00:00+00:00,264.8,264.66,265.28,HD,IEXG,Wednesday,267.105,264.17,13749499.0,0,2020-07-29
2020-07-30 00:00:00+00:00,263.34,266.31,264.66,HD,IEXG,Thursday,267.345,261.55,15274644.0,0,2020-07-30
2020-07-31 00:00:00+00:00,265.0,265.49,266.31,HD,IEXG,Friday,267.17,260.61,13625858.0,0,2020-07-31
2020-08-03 00:00:00+00:00,266.73,266.18,265.49,HD,IEXG,Monday,268.58,265.67,9808164.0,0,2020-08-03
2020-08-04 00:00:00+00:00,266.63,267.87,266.18,HD,IEXG,Tuesday,267.89,263.84,8680659.0,0,2020-08-04
2020-08-05 00:00:00+00:00,268.39,267.48,267.87,HD,IEXG,Wednesday,268.39,265.89,11536783.0,0,2020-08-05
2020-08-06 00:00:00+00:00,266.6,269.37,267.48,HD,IEXG,Thursday,270.44,266.53,8969080.0,0,2020-08-06
2020-08-07 00:00:00+00:00,270.61,271.64,269.37,HD,IEXG,Friday,274.9199,269.81,24339141.0,0,2020-08-07
2020-08-10 00:00:00+00:00,272.42,274.73,271.64,HD,IEXG,Monday,275.0,271.795,6976590.0,0,2020-08-10
2020-08-11 00:00:00+00:00,277.69,274.92,274.73,HD,IEXG,Tuesday,279.37,274.41,15944316.0,0,2020-08-11
2020-08-12 00:00:00+00:00,279.75,281.58,274.92,HD,IEXG,Wednesday,282.9673,276.96,13248977.0,0,2020-08-12
2020-08-13 00:00:00+00:00,281.16,281.66,281.58,HD,IEXG,Thursday,282.655,279.74,7242274.0,0,2020-08-13
2020-08-14 00:00:00+00:00,281.14,280.55,281.66,HD,IEXG,Friday,282.0,279.19,10160373.0,0,2020-08-14
2020-08-17 00:00:00+00:00,284.4,288.24,280.55,HD,IEXG,Monday,289.2172,283.57,19674336.0,0,2020-08-17
2020-08-18 00:00:00+00:00,288.9,285.0,288.24,HD,IEXG,Tuesday,290.58,283.04,31461591.0,0,2020-08-18
2020-08-19 00:00:00+00:00,287.46,282.86,285.0,HD,IEXG,Wednesday,287.97,281.93,24381633.0,0,2020-08-19
2020-08-20 00:00:00+00:00,280.535,280.68,282.86,HD,IEXG,Thursday,281.91,279.4351,16636397.0,0,2020-08-20
2020-08-21 00:00:00+00:00,279.97,283.23,280.68,HD,IEXG,Friday,283.55,278.42,57880124.0,0,2020-08-21
2020-08-24 00:00:00+00:00,284.99,286.75,283.23,HD,IEXG,Monday,286.85,281.9223,20066657.0,0,2020-08-24
2020-08-25 00:00:00+00:00,287.27,286.13,286.75,HD,IEXG,Tuesday,287.48,283.885,10026090.0,0,2020-08-25
2020-08-26 00:00:00+00:00,287.73,291.93,286.13,HD,IEXG,Wednesday,292.12,286.275,16083620.0,0,2020-08-26
2020-08-27 00:00:00+00:00,292.22,288.63,291.93,HD,IEXG,Thursday,292.95,286.56,10508489.0,0,2020-08-27
2020-08-28 00:00:00+00:00,288.31,286.29,288.63,HD,IEXG,Friday,288.83,284.77,8275794.0,0,2020-08-28
2020-08-31 00:00:00+00:00,285.0,285.04,286.29,HD,IEXG,Monday,286.69,282.87,10198916.0,0,2020-08-31
2020-09-01 00:00:00+00:00,284.03,285.94,285.04,HD,IEXG,Tuesday,286.68,283.5,10945960.0,0,2020-09-01
2020-09-02 00:00:00+00:00,284.85,287.2,284.45434014548,HD,IEXG,Wednesday,288.04,283.6,9809035.0,0,2020-09-02
2020-09-03 00:00:00+00:00,287.3,274.63,287.2,HD,IEXG,Thursday,287.7,272.17,21302663.0,0,2020-09-03
2020-09-04 00:00:00+00:00,275.55,269.66,274.63,HD,IEXG,Friday,276.77,264.6727,17223161.0,0,2020-09-04
2020-09-07 00:00:00+00:00,267.8896379012507,266.73432355981714,268.99502576824995,HD,IEXG,Monday,271.1912819099259,260.3842077698037,14480650.556653654,1,2020-09-07
2020-09-08 00:00:00+00:00,267.11,269.26,269.66,HD,IEXG,Tuesday,271.04,262.81,21151177.0,0,2020-09-08
2020-09-09 00:00:00+00:00,272.46,277.04,269.26,HD,IEXG,Wednesday,279.74,271.75,27557742.0,0,2020-09-09
2020-09-10 00:00:00+00:00,278.01,272.7,277.04,HD,IEXG,Thursday,280.98,271.17,7126135.0,0,2020-09-10
2020-09-11 00:00:00+00:00,273.98,276.33,272.7,HD,IEXG,Friday,277.98,273.46,8886089.0,0,2020-09-11
2020-09-14 00:00:00+00:00,278.55,280.65,276.33,HD,IEXG,Monday,282.46,278.015,17520032.0,0,2020-09-14
2020-09-15 00:00:00+00:00,283.72,285.65,280.65,HD,IEXG,Tuesday,286.67,282.45,27668326.0,0,2020-09-15
2020-09-16 00:00:00+00:00,285.61,281.63,285.58,HD,IEXG,Wednesday,286.58,280.6801,27630302.0,0,2020-09-16
2020-09-17 00:00:00+00:00,277.91,279.96,281.63,HD,IEXG,Thursday,282.72,276.96,14510465.0,0,2020-09-17
2020-09-18 00:00:00+00:00,278.41,275.19,279.96,HD,IEXG,Friday,279.835,270.81,13948641.0,0,2020-09-18
2020-09-21 00:00:00+00:00,271.87,272.35,275.19,HD,IEXG,Monday,272.8999,266.53,14840816.0,0,2020-09-21
2020-09-22 00:00:00+00:00,271.68,273.31,272.35,HD,IEXG,Tuesday,273.52,270.63,22295012.0,0,2020-09-22
2020-09-23 00:00:00+00:00,275.42,266.55,273.31,HD,IEXG,Wednesday,276.62,264.685,32325625.0,0,2020-09-23
2020-09-24 00:00:00+00:00,265.71,265.7,266.55,HD,IEXG,Thursday,269.7,263.8801,22800892.0,0,2020-09-24
2020-09-25 00:00:00+00:00,264.19,268.55,265.7,HD,IEXG,Friday,270.15,263.9194,11784958.0,0,2020-09-25
2020-09-28 00:00:00+00:00,271.93,272.33,268.55,HD,IEXG,Monday,274.22,270.3,10867173.0,0,2020-09-28
2020-09-29 00:00:00+00:00,273.4,272.11,272.33,HD,IEXG,Tuesday,273.8415,271.1138,14453999.0,0,2020-09-29
2020-09-30 00:00:00+00:00,273.48,277.71,272.11,HD,IEXG,Wednesday,279.915,272.52,15267008.0,0,2020-09-30
2020-10-01 00:00:00+00:00,279.44,277.62,277.71,HD,IEXG,Thursday,280.0,275.85,22405930.0,0,2020-10-01
2020-10-02 00:00:00+00:00,274.94,279.31,277.62,HD,IEXG,Friday,281.09,274.1032,13943940.0,0,2020-10-02
2020-10-05 00:00:00+00:00,280.92,282.1,279.31,HD,IEXG,Monday,282.42,279.68,17759365.0,0,2020-10-05
2020-10-06 00:00:00+00:00,282.5,276.47,282.1,HD,IEXG,Tuesday,283.0,275.77,21261100.0,0,2020-10-06
2020-10-07 00:00:00+00:00,280.85,282.79,276.47,HD,IEXG,Wednesday,284.0,279.99,23964622.0,0,2020-10-07
2020-10-08 00:00:00+00:00,283.84,284.52,282.79,HD,IEXG,Thursday,284.95,281.1707,25235149.0,0,2020-10-08
2020-10-09 00:00:00+00:00,285.47,285.92,284.52,HD,IEXG,Friday,287.28,284.075,18324549.0,0,2020-10-09
2020-10-12 00:00:00+00:00,287.39,286.91,285.92,HD,IEXG,Monday,288.33,286.06,23555026.0,0,2020-10-12
2020-10-13 00:00:00+00:00,285.7,290.36,286.91,HD,IEXG,Tuesday,290.77,285.7,22511905.0,0,2020-10-13
2020-10-14 00:00:00+00:00,289.51,287.09,290.36,HD,IEXG,Wednesday,290.3,285.15,16657636.0,0,2020-10-14
2020-10-15 00:00:00+00:00,284.12,287.54,287.09,HD,IEXG,Thursday,290.25,283.12,32000783.0,0,2020-10-15
2020-10-16 00:00:00+00:00,288.51,287.335,287.54,HD,IEXG,Friday,292.625,287.26,19668155.0,0,2020-10-16
2020-10-19 00:00:00+00:00,283.74,285.39,283.74,HD,IEXG,Monday,290.11,283.38,0.0,0,2020-10-19
2020-10-20 00:00:00+00:00,285.925,287.025,285.925,HD,IEXG,Tuesday,289.765,284.01,0.0,0,2020-10-20
2020-10-21 00:00:00+00:00,285.39,284.51,286.04,HD,IEXG,Wednesday,288.0187,283.28,2304473.0,0,2020-10-21
2020-10-22 00:00:00+00:00,283.93,281.16,284.51,HD,IEXG,Thursday,285.68,280.65,19082328.0,0,2020-10-22
2020-10-23 00:00:00+00:00,282.38,283.0,281.16,HD,IEXG,Friday,283.19,279.55,12027049.0,0,2020-10-23
2020-10-26 00:00:00+00:00,279.64,276.04,283.0,HD,IEXG,Monday,281.5299,272.0,19583355.0,0,2020-10-26
2020-10-27 00:00:00+00:00,277.01,276.93,277.01,HD,IEXG,Tuesday,279.57,276.105,18759687.0,0,2020-10-27
2020-10-28 00:00:00+00:00,269.72,270.18,269.72,HD,IEXG,Wednesday,273.54,268.7,21586361.0,0,2020-10-28
2020-10-29 00:00:00+00:00,269.69,269.63,269.72,HD,IEXG,Thursday,273.7,267.3119,31580025.0,0,2020-10-29
2020-10-30 00:00:00+00:00,268.82,266.71,269.63,HD,IEXG,Friday,269.62,262.03,20819013.0,0,2020-10-30
2020-11-02 00:00:00+00:00,270.15,270.74,266.71,HD,IEXG,Monday,274.82,268.52,21892407.0,0,2020-11-02
2020-11-03 00:00:00+00:00,274.85,277.37,270.74,HD,IEXG,Tuesday,279.53,273.72,21804183.0,0,2020-11-03
2020-11-04 00:00:00+00:00,276.76,282.72,277.37,HD,IEXG,Wednesday,287.04,276.01,25510437.0,0,2020-11-04
2020-11-05 00:00:00+00:00,288.35,285.85,282.72,HD,IEXG,Thursday,288.998,284.08,21642788.0,0,2020-11-05
2020-11-06 00:00:00+00:00,286.73,284.24,285.85,HD,IEXG,Friday,286.7799,282.85,32809964.0,0,2020-11-06
2020-11-09 00:00:00+00:00,287.98,269.97,284.24,HD,IEXG,Monday,289.0,269.47,78263919.0,0,2020-11-09
2020-11-10 00:00:00+00:00,272.785,275.57,269.97,HD,IEXG,Tuesday,275.79,269.25,39193246.0,0,2020-11-10
2020-11-11 00:00:00+00:00,277.32,277.75,275.57,HD,IEXG,Wednesday,281.69,276.1701,24387289.0,0,2020-11-11
2020-11-12 00:00:00+00:00,283.0,276.24,277.75,HD,IEXG,Thursday,283.6943,273.805,34585153.0,0,2020-11-12
2020-11-13 00:00:00+00:00,276.42,277.17,276.24,HD,IEXG,Friday,279.73,275.26,29720978.0,0,2020-11-13
2020-11-16 00:00:00+00:00,279.18,279.57,277.17,HD,IEXG,Monday,281.29,276.4,42218176.0,0,2020-11-16
2020-11-17 00:00:00+00:00,272.1,272.47,279.57,HD,IEXG,Tuesday,276.42,269.4001,111006927.0,0,2020-11-17
2020-11-18 00:00:00+00:00,270.5,269.83,272.47,HD,IEXG,Wednesday,275.38,269.0,46028417.0,0,2020-11-18
2020-11-19 00:00:00+00:00,270.42,270.93,269.83,HD,IEXG,Thursday,272.38,268.7,32856288.0,0,2020-11-19
2020-11-20 00:00:00+00:00,271.45,269.81,270.93,HD,IEXG,Friday,272.37,268.87,24341338.0,0,2020-11-20
2020-11-23 00:00:00+00:00,270.01,271.4,269.81,HD,IEXG,Monday,273.689,269.55,19684300.0,0,2020-11-23
2020-11-24 00:00:00+00:00,274.0,273.31,271.4,HD,IEXG,Tuesday,275.545,272.57,32818806.0,0,2020-11-24
2020-11-25 00:00:00+00:00,273.48,273.96,273.31,HD,IEXG,Wednesday,274.74,271.212,23422485.0,0,2020-11-25
2020-11-26 00:00:00+00:00,274.6241426420493,276.74607804088765,274.50042889782384,HD,IEXG,Thursday,276.9813423224401,272.4465921200837,3559867.8925268133,1,2020-11-26
2020-11-27 00:00:00+00:00,275.24,275.99,273.96,HD,IEXG,Friday,276.58,274.36,5261021.0,0,2020-11-27
2020-11-30 00:00:00+00:00,275.22,277.41,275.99,HD,IEXG,Monday,277.76,271.92,30663055.0,0,2020-11-30
2020-12-01 00:00:00+00:00,278.73,276.6,277.41,HD,IEXG,Tuesday,279.11,275.55,15598005.0,0,2020-12-01
2020-12-02 00:00:00+00:00,273.97,271.1,275.07798972854,HD,IEXG,Wednesday,275.43,269.57,33397051.0,0,2020-12-02
2020-12-03 00:00:00+00:00,270.63,268.14,271.1,HD,IEXG,Thursday,271.93,267.14,34714536.0,0,2020-12-03
2020-12-04 00:00:00+00:00,267.47,263.99,268.14,HD,IEXG,Friday,268.73,262.82,51724343.0,0,2020-12-04
2020-12-07 00:00:00+00:00,263.5,262.64,263.99,HD,IEXG,Monday,264.58,261.0,41381841.0,0,2020-12-07
2020-12-08 00:00:00+00:00,261.72,261.72,262.64,HD,IEXG,Tuesday,262.5,258.73,36026163.0,0,2020-12-08
2020-12-09 00:00:00+00:00,264.61,265.58,261.72,HD,IEXG,Wednesday,265.7708,262.25,26354590.0,0,2020-12-09
2020-12-10 00:00:00+00:00,264.08,264.81,265.58,HD,IEXG,Thursday,266.07,262.11,25947437.0,0,2020-12-10
2020-12-11 00:00:00+00:00,263.36,264.55,264.81,HD,IEXG,Friday,265.37,262.64599999999996,35144001.0,0,2020-12-11
2020-12-14 00:00:00+00:00,266.14,265.58,264.55,HD,IEXG,Monday,268.5999,265.27,26164055.0,0,2020-12-14
2020-12-15 00:00:00+00:00,267.51,267.98,265.58,HD,IEXG,Tuesday,268.7628,266.2,23286463.0,0,2020-12-15
2020-12-16 00:00:00+00:00,268.53,269.59,267.98,HD,IEXG,Wednesday,270.75,267.51,24195013.0,0,2020-12-16
2020-12-17 00:00:00+00:00,272.16,273.97,269.59,HD,IEXG,Thursday,274.33,270.51,21742981.0,0,2020-12-17
2020-12-18 00:00:00+00:00,274.59,270.45,273.97,HD,IEXG,Friday,275.74,270.3,22561634.0,0,2020-12-18
2020-12-21 00:00:00+00:00,268.56,270.99,270.45,HD,IEXG,Monday,271.95,265.88,24194510.0,0,2020-12-21
2020-12-22 00:00:00+00:00,270.06,270.04,270.99,HD,IEXG,Tuesday,271.84,268.51,12513606.0,0,2020-12-22
2020-12-23 00:00:00+00:00,270.06,269.81,270.04,HD,IEXG,Wednesday,271.0,268.2,10197963.0,0,2020-12-23
2020-12-24 00:00:00+00:00,269.44,270.92,269.81,HD,IEXG,Thursday,271.36,269.4,4558073.0,0,2020-12-24
2020-12-25 00:00:00+00:00,271.78880538937455,269.78823287486074,270.30616168581645,HD,IEXG,Friday,272.30621395094744,269.3526145494544,7518899.257908123,1,2020-12-25
2020-12-28 00:00:00+00:00,272.17,269.25,270.92,HD,IEXG,Monday,272.25,269.24,13768535.0,0,2020-12-28
2020-12-29 00:00:00+00:00,269.98,266.19,269.25,HD,IEXG,Tuesday,270.46,265.07,14094660.0,0,2020-12-29
2020-12-30 00:00:00+00:00,266.11,265.26,266.19,HD,IEXG,Wednesday,267.3,264.92,12159807.0,0,2020-12-30
2020-12-31 00:00:00+00:00,265.57,265.62,265.26,HD,IEXG,Thursday,265.95,263.58,12659043.0,0,2020-12-31
2021-01-01 00:00:00+00:00,264.51701044973686,264.5576928769073,265.5614636743878,HD,IEXG,Friday,265.5568106871663,262.2931950390141,18088855.8611808,1,2021-01-01
2021-01-04 00:00:00+00:00,266.01,263.92,265.62,HD,IEXG,Monday,266.46,261.06,23922837.0,0,2021-01-04
2021-01-05 00:00:00+00:00,262.66,266.05,263.92,HD,IEXG,Tuesday,266.53,262.26,26060408.0,0,2021-01-05
2021-01-06 00:00:00+00:00,264.06,267.57,266.05,HD,IEXG,Wednesday,269.77,261.87,25493961.0,0,2021-01-06
2021-01-07 00:00:00+00:00,266.95,266.26,267.57,HD,IEXG,Thursday,268.783,266.17,21875328.0,0,2021-01-07
2021-01-08 00:00:00+00:00,267.35,269.09,266.26,HD,IEXG,Friday,270.7325,267.0,32238363.0,0,2021-01-08
2021-01-11 00:00:00+00:00,267.47,271.23,269.09,HD,IEXG,Monday,273.37,267.26,21831119.0,0,2021-01-11
2021-01-12 00:00:00+00:00,271.11,276.33,271.23,HD,IEXG,Tuesday,277.939,270.655,29542024.0,0,2021-01-12
2021-01-13 00:00:00+00:00,278.31,274.05,276.33,HD,IEXG,Wednesday,280.48,273.94,27559942.0,0,2021-01-13
2021-01-14 00:00:00+00:00,274.5,268.34,274.05,HD,IEXG,Thursday,274.895,267.67,26547973.0,0,2021-01-14
2021-01-15 00:00:00+00:00,268.63,275.59,268.34,HD,IEXG,Friday,276.39,267.44,50030816.0,0,2021-01-15
2021-01-18 00:00:00+00:00,272.00999030137217,276.04463767015307,271.12132590744966,HD,IEXG,Monday,277.41578780720073,270.3918093878565,58076501.94941627,1,2021-01-18
2021-01-19 00:00:00+00:00,278.0,273.19,275.59,HD,IEXG,Tuesday,278.0,273.02,40565901.0,0,2021-01-19
2021-01-20 00:00:00+00:00,273.25,274.3,273.19,HD,IEXG,Wednesday,277.21,271.49,21818539.0,0,2021-01-20
2021-01-21 00:00:00+00:00,276.22,279.05,274.3,HD,IEXG,Thursday,280.7,275.67,52486011.0,0,2021-01-21
2021-01-22 00:00:00+00:00,279.26,284.0,279.05,HD,IEXG,Friday,285.08,277.87,30538415.0,0,2021-01-22
2021-01-25 00:00:00+00:00,283.85,285.08,284.0,HD,IEXG,Monday,285.77,281.42,29659821.0,0,2021-01-25
2021-01-26 00:00:00+00:00,285.42,282.6,285.08,HD,IEXG,Tuesday,285.65,281.67,24792878.0,0,2021-01-26
2021-01-27 00:00:00+00:00,279.99,274.05,282.6,HD,IEXG,Wednesday,280.8099,273.08,29394905.0,0,2021-01-27
2021-01-28 00:00:00+00:00,276.17,278.05,274.05,HD,IEXG,Thursday,282.96,274.93,30736139.0,0,2021-01-28
2021-01-29 00:00:00+00:00,275.81,270.82,278.05,HD,IEXG,Friday,277.53,270.03,24477527.0,0,2021-01-29
2021-02-01 00:00:00+00:00,271.23,270.07,270.82,HD,IEXG,Monday,272.65,267.2533,24741371.0,0,2021-02-01
2021-02-02 00:00:00+00:00,270.0,272.16,270.07,HD,IEXG,Tuesday,275.69,269.99,30746912.0,0,2021-02-02
2021-02-03 00:00:00+00:00,271.89,274.17,272.16,HD,IEXG,Wednesday,275.72,270.715,23115345.0,0,2021-02-03
2021-02-04 00:00:00+00:00,274.25,278.82,274.17,HD,IEXG,Thursday,279.44,274.02,32542957.0,0,2021-02-04
2021-02-05 00:00:00+00:00,280.29,278.86,278.82,HD,IEXG,Friday,281.7599,277.81,20487881.0,0,2021-02-05
2021-02-08 00:00:00+00:00,279.69,280.03,278.86,HD,IEXG,Monday,280.4194,276.8895,24338599.0,0,2021-02-08
2021-02-09 00:00:00+00:00,279.66,276.77,280.03,HD,IEXG,Tuesday,280.2,276.62,17917992.0,0,2021-02-09
2021-02-10 00:00:00+00:00,278.03,278.69,276.77,HD,IEXG,Wednesday,278.93,276.25,20505089.0,0,2021-02-10
2021-02-11 00:00:00+00:00,277.93,277.06,278.69,HD,IEXG,Thursday,280.25,276.01,20395059.0,0,2021-02-11
2021-02-12 00:00:00+00:00,277.12,277.51,277.06,HD,IEXG,Friday,278.71,276.58,13678007.0,0,2021-02-12
2021-02-15 00:00:00+00:00,275.57180418838044,277.041592846504,276.7302327940622,HD,IEXG,Monday,279.1844659427742,274.3268399354623,12418651.33625361,1,2021-02-15
2021-02-16 00:00:00+00:00,277.01,275.39,277.51,HD,IEXG,Tuesday,278.77,274.88,17598072.0,0,2021-02-16
2021-02-17 00:00:00+00:00,275.54,280.92,275.39,HD,IEXG,Wednesday,281.79,274.88,24798003.0,0,2021-02-17
2021-02-18 00:00:00+00:00,280.8,283.05,280.92,HD,IEXG,Thursday,284.68,279.13,26952536.0,0,2021-02-18
2021-02-19 00:00:00+00:00,282.87,279.64,283.05,HD,IEXG,Friday,283.91,279.44,24184194.0,0,2021-02-19
2021-02-22 00:00:00+00:00,278.21,275.85,279.64,HD,IEXG,Monday,278.99,273.63,36335901.0,0,2021-02-22
2021-02-23 00:00:00+00:00,269.38,267.24,275.85,HD,IEXG,Tuesday,269.99,257.58,143525559.0,0,2021-02-23
2021-02-24 00:00:00+00:00,263.23,259.97,267.24,HD,IEXG,Wednesday,269.42,254.03,124207287.0,0,2021-02-24
2021-02-25 00:00:00+00:00,259.75,255.25,259.97,HD,IEXG,Thursday,261.01,254.71,72660816.0,0,2021-02-25
2021-02-26 00:00:00+00:00,257.77,258.34,255.25,HD,IEXG,Friday,260.24,256.09,61660181.0,0,2021-02-26
2021-03-01 00:00:00+00:00,258.81,261.62,258.34,HD,IEXG,Monday,262.48,258.41,34557539.0,0,2021-03-01
2021-03-02 00:00:00+00:00,260.23,260.545,261.62,HD,IEXG,Tuesday,263.08,259.93,27844293.0,0,2021-03-02
2021-03-03 00:00:00+00:00,257.47,257.62,260.29,HD,IEXG,Wednesday,260.65,256.04,25221678.0,0,2021-03-03
2021-03-04 00:00:00+00:00,250.85,250.14,257.36,HD,IEXG,Thursday,256.815,247.15,51971558.0,0,2021-03-04
2021-03-05 00:00:00+00:00,253.52,253.935,250.93,HD,IEXG,Friday,254.17,246.59,37056509.0,0,2021-03-05
2021-03-08 00:00:00+00:00,258.91,259.77,253.52,HD,IEXG,Monday,263.19,252.57,22773531.0,0,2021-03-08
2021-03-09 00:00:00+00:00,264.99,265.57,259.03,HD,IEXG,Tuesday,267.555,259.75,65682844.0,0,2021-03-09
2021-03-10 00:00:00+00:00,266.23,267.575,264.96,HD,IEXG,Wednesday,268.74,264.13,16318293.0,0,2021-03-10
2021-03-11 00:00:00+00:00,268.86,268.86,268.86,HD,IEXG,Thursday,270.77,267.29,0.0,0,2021-03-11
2021-03-12 00:00:00+00:00,273.01,273.01,273.01,HD,IEXG,Friday,273.79,267.03,0.0,0,2021-03-12
2021-03-15 00:00:00+00:00,278.6,278.65,273.1,HD,IEXG,Monday,279.64,273.89,41980617.0,0,2021-03-15
2021-03-16 00:00:00+00:00,282.095,282.19,278.54,HD,IEXG,Tuesday,282.53,277.7,38501831.0,0,2021-03-16
2021-03-17 00:00:00+00:00,280.01,280.05,282.08,HD,IEXG,Wednesday,283.84,279.25,41989160.0,0,2021-03-17
2021-03-18 00:00:00+00:00,283.18,283.435,280.03,HD,IEXG,Thursday,285.44,277.71,37729862.0,0,2021-03-18
2021-03-19 00:00:00+00:00,288.49,288.49,283.16,HD,IEXG,Friday,288.6,282.435,41716822.0,0,2021-03-19
2021-03-22 00:00:00+00:00,288.93,288.895,289.1,HD,IEXG,Monday,290.325,284.22,31022882.0,0,2021-03-22
2021-03-23 00:00:00+00:00,289.72,289.88,288.94,HD,IEXG,Tuesday,293.26,288.16,32127790.0,0,2021-03-23
2021-03-24 00:00:00+00:00,292.91,292.65,289.98,HD,IEXG,Wednesday,296.74,289.15,23888717.0,0,2021-03-24
2021-03-25 00:00:00+00:00,297.66,297.405,292.75,HD,IEXG,Thursday,297.85,291.61,29078112.0,0,2021-03-25
2021-03-26 00:00:00+00:00,303.64,303.64,297.18,HD,IEXG,Friday,303.97,296.165,32937630.0,0,2021-03-26
2021-03-29 00:00:00+00:00,301.81,301.29,303.81,HD,IEXG,Monday,305.5,299.99,3051141.0,0,2021-03-29
2021-03-30 00:00:00+00:00,304.51,304.51,304.51,HD,IEXG,Tuesday,305.68,300.08,0.0,0,2021-03-30
2021-03-31 00:00:00+00:00,305.5,305.25,304.82,HD,IEXG,Wednesday,308.02,304.14,4744061.0,0,2021-03-31
2021-04-01 00:00:00+00:00,307.725,307.94,305.25,HD,IEXG,Thursday,308.55,303.91,26865016.0,0,2021-04-01
2021-04-02 00:00:00+00:00,311.30684052483605,312.5105911061322,304.398244946978,HD,IEXG,Friday,312.1051577220657,307.45713822003165,26669714.45816646,1,2021-04-02
2021-04-05 00:00:00+00:00,315.43,315.375,307.75,HD,IEXG,Monday,315.82,308.575,18528548.0,0,2021-04-05
2021-04-06 00:00:00+00:00,313.71,313.58,315.4,HD,IEXG,Tuesday,315.92,313.15,27026086.0,0,2021-04-06
2021-04-07 00:00:00+00:00,312.36,312.36,313.78,HD,IEXG,Wednesday,315.14,310.99,37026888.0,0,2021-04-07
2021-04-08 00:00:00+00:00,314.34,314.44,312.47,HD,IEXG,Thursday,315.25,310.62,25320827.0,0,2021-04-08
2021-04-09 00:00:00+00:00,319.19,319.07,314.43,HD,IEXG,Friday,319.215,314.17,22057599.0,0,2021-04-09
2021-04-12 00:00:00+00:00,320.73,320.99,319.23,HD,IEXG,Monday,321.295,317.33,23091313.0,0,2021-04-12
2021-04-13 00:00:00+00:00,320.44,320.39,320.79,HD,IEXG,Tuesday,320.905,317.26,14779647.0,0,2021-04-13
2021-04-14 00:00:00+00:00,320.025,320.13,320.4,HD,IEXG,Wednesday,322.67,319.33,29696092.0,0,2021-04-14
2021-04-15 00:00:00+00:00,322.87,322.675,320.02,HD,IEXG,Thursday,323.38,320.08,22087569.0,0,2021-04-15
2021-04-16 00:00:00+00:00,328.13,328.195,322.74,HD,IEXG,Friday,328.66,324.0,27989968.0,0,2021-04-16
2021-04-19 00:00:00+00:00,326.865,326.39,328.08,HD,IEXG,Monday,328.785,325.6,24885954.0,0,2021-04-19
2021-04-20 00:00:00+00:00,323.9,324.15,326.85,HD,IEXG,Tuesday,327.61,322.22,30935015.0,0,2021-04-20
2021-04-21 00:00:00+00:00,325.88,325.89,323.96,HD,IEXG,Wednesday,327.87,323.91,32407873.0,0,2021-04-21
2021-04-22 00:00:00+00:00,321.265,321.48,325.95,HD,IEXG,Thursday,326.28,318.86,23493821.0,0,2021-04-22
2021-04-23 00:00:00+00:00,323.84,323.64,321.46,HD,IEXG,Friday,325.51,319.58,36602083.0,0,2021-04-23
2021-04-26 00:00:00+00:00,320.1,319.9,323.89,HD,IEXG,Monday,324.04,319.33,37910703.0,0,2021-04-26
2021-04-27 00:00:00+00:00,320.53,320.73,319.99,HD,IEXG,Tuesday,322.4,320.53,29608125.0,0,2021-04-27
2021-04-28 00:00:00+00:00,319.66,319.53,320.59,HD,IEXG,Wednesday,322.935,319.33,29328580.0,0,2021-04-28
2021-04-29 00:00:00+00:00,325.4,325.24,319.71,HD,IEXG,Thursday,325.77,320.82,32657848.0,0,2021-04-29
2021-04-30 00:00:00+00:00,323.44,323.695,325.34,HD,IEXG,Friday,325.79,321.665,23431998.0,0,2021-04-30
2021-05-03 00:00:00+00:00,330.2,330.07,323.67,HD,IEXG,Monday,331.565,325.76,12734740.0,0,2021-05-03
2021-05-04 00:00:00+00:00,332.85,332.68,330.27,HD,IEXG,Tuesday,333.05,328.88,22878769.0,0,2021-05-04
2021-05-05 00:00:00+00:00,331.965,331.93,332.77,HD,IEXG,Wednesday,335.63,331.08,26006241.0,0,2021-05-05
2021-05-06 00:00:00+00:00,337.79,337.6,332.05,HD,IEXG,Thursday,337.81,333.24,19480214.0,0,2021-05-06
2021-05-07 00:00:00+00:00,339.3,339.54,337.58,HD,IEXG,Friday,339.8,335.73,18802831.0,0,2021-05-07
2021-05-10 00:00:00+00:00,341.215,341.34,339.25,HD,IEXG,Monday,345.675,339.7,40718955.0,0,2021-05-10
2021-05-11 00:00:00+00:00,330.59,330.48,341.12,HD,IEXG,Tuesday,339.55,328.24,48266347.0,0,2021-05-11
2021-05-12 00:00:00+00:00,317.22,317.57,330.66,HD,IEXG,Wednesday,329.99,316.27,29065933.0,0,2021-05-12
2021-05-13 00:00:00+00:00,325.32,325.82,317.0,HD,IEXG,Thursday,327.415,317.99,36159037.0,0,2021-05-13
2021-05-14 00:00:00+00:00,323.71,323.72,325.42,HD,IEXG,Friday,327.89,322.02,22849041.0,0,2021-05-14
2021-05-17 00:00:00+00:00,319.97,320.27,323.63,HD,IEXG,Monday,323.27,315.32,28799458.0,0,2021-05-17
2021-05-18 00:00:00+00:00,316.71,317.225,320.01,HD,IEXG,Tuesday,327.0,314.87,49948538.0,0,2021-05-18
2021-05-19 00:00:00+00:00,314.45,314.34,316.75,HD,IEXG,Wednesday,314.69,309.07,45725715.0,0,2021-05-19
2021-05-20 00:00:00+00:00,315.87,317.93,314.45,HD,IEXG,Thursday,319.635,314.21,26801845.0,0,2021-05-20
2021-05-21 00:00:00+00:00,315.76,315.58,315.9,HD,IEXG,Friday,319.305,314.47,25692324.0,0,2021-05-21
2021-05-24 00:00:00+00:00,314.755,314.6,315.77,HD,IEXG,Monday,318.66,314.59,19589070.0,0,2021-05-24
2021-05-25 00:00:00+00:00,316.62,316.59,314.84,HD,IEXG,Tuesday,317.14,314.26,31395447.0,0,2021-05-25
2021-05-26 00:00:00+00:00,317.33,317.26,316.75,HD,IEXG,Wednesday,321.23,316.715,25994189.0,0,2021-05-26
2021-05-27 00:00:00+00:00,318.82,319.12,317.33,HD,IEXG,Thursday,320.42,317.56,22394840.0,0,2021-05-27
2021-05-28 00:00:00+00:00,318.89,318.96,318.77,HD,IEXG,Friday,321.56,318.85,18044725.0,0,2021-05-28
2021-05-31 00:00:00+00:00,316.6483387077597,317.2581236038109,318.4529601540274,HD,IEXG,Monday,320.5442587636591,316.5825967443824,21668562.171045106,1,2021-05-31
2021-06-01 00:00:00+00:00,316.325,316.3,318.91,HD,IEXG,Tuesday,321.24,315.2,22925284.0,0,2021-06-01
2021-06-02 00:00:00+00:00,313.2,313.25,316.31,HD,IEXG,Wednesday,316.75,312.41,15350783.0,0,2021-06-02
2021-06-03 00:00:00+00:00,311.34,311.49,313.23,HD,IEXG,Thursday,312.85,309.73,20333438.0,0,2021-06-03
2021-06-04 00:00:00+00:00,311.01,311.01,311.43,HD,IEXG,Friday,313.425,309.36,22698116.0,0,2021-06-04
2021-06-07 00:00:00+00:00,309.92,310.05,311.01,HD,IEXG,Monday,312.18,307.92,27876307.0,0,2021-06-07
2021-06-08 00:00:00+00:00,310.92,311.115,309.96,HD,IEXG,Tuesday,312.27,309.03,27603577.0,0,2021-06-08
2021-06-09 00:00:00+00:00,307.305,307.07,310.9,HD,IEXG,Wednesday,312.89,306.935,33405951.0,0,2021-06-09
2021-06-10 00:00:00+00:00,308.34,308.57,307.34,HD,IEXG,Thursday,309.6,306.16,32295152.0,0,2021-06-10
2021-06-11 00:00:00+00:00,310.75,310.77,308.31,HD,IEXG,Friday,311.15,308.48,20520520.0,0,2021-06-11
2021-06-14 00:00:00+00:00,309.28,309.35,310.77,HD,IEXG,Monday,311.23,306.245,26873982.0,0,2021-06-14
2021-06-15 00:00:00+00:00,306.425,306.33,309.32,HD,IEXG,Tuesday,308.97,303.5,61199591.0,0,2021-06-15
2021-06-16 00:00:00+00:00,302.765,302.69,306.45,HD,IEXG,Wednesday,307.33,301.19,30317853.0,0,2021-06-16
2021-06-17 00:00:00+00:00,303.055,302.835,302.78,HD,IEXG,Thursday,305.19,300.05,29826741.0,0,2021-06-17
2021-06-18 00:00:00+00:00,302.7,302.7,303.12,HD,IEXG,Friday,303.62,298.44,37697193.0,0,2021-06-18
2021-06-21 00:00:00+00:00,307.57,307.86,302.61,HD,IEXG,Monday,308.71,304.96,24091369.0,0,2021-06-21
2021-06-22 00:00:00+00:00,312.66,312.76,307.6,HD,IEXG,Tuesday,314.84,308.31,23661219.0,0,2021-06-22
2021-06-23 00:00:00+00:00,311.55,311.86,312.71,HD,IEXG,Wednesday,313.61,310.65,16647189.0,0,2021-06-23
2021-06-24 00:00:00+00:00,311.83,311.81,311.67,HD,IEXG,Thursday,314.75,311.69,18458870.0,0,2021-06-24
2021-06-25 00:00:00+00:00,313.51,313.51,311.84,HD,IEXG,Friday,315.45,311.7,22707533.0,0,2021-06-25
2021-06-28 00:00:00+00:00,314.4,314.27,313.63,HD,IEXG,Monday,315.27,311.39,25524702.0,0,2021-06-28
2021-06-29 00:00:00+00:00,318.195,318.34,314.28,HD,IEXG,Tuesday,320.265,315.7,24267924.0,0,2021-06-29
2021-06-30 00:00:00+00:00,318.82,318.95,318.24,HD,IEXG,Wednesday,320.24,317.735,20049412.0,0,2021-06-30
